File;Time;Values;Solutions
10_ulysses_3.tsp;0.37572598457336426;136.99527629589417;Array{Any,1}[[4, 6, 7, 8], [1, 2, 3, 10], [5, 9]]
10_ulysses_6.tsp;0.19085288047790527;55.11939124322687;Array{Any,1}[[1, 4, 8], [2, 3], [6, 9], [7], [10], [5]]
10_ulysses_9.tsp;0.15698504447937012;33.29189782877749;Array{Any,1}[[8], [2, 3], [10], [7], [9], [5], [1], [4], [6]]
14_burma_3.tsp;0.8417308330535889;93.3899872599682;Array{Any,1}[[1, 8, 9, 10, 11], [2, 12, 13, 14], [3, 4, 5, 6, 7]]
14_burma_6.tsp;0.8586058616638184;42.74062354260174;Array{Any,1}[[3, 4, 5], [6, 12, 14], [2, 13], [9, 10], [1, 8, 11], [7]]
22_ulysses_3.tsp;6.384905099868774;358.63682862251824;Array{Any,1}[[5, 6, 9, 11, 15, 21], [1, 2, 3, 4, 8, 16, 17, 18], [7, 10, 12, 13, 14, 19, 20, 22]]
22_ulysses_6.tsp;157.15098905563354;116.52876945505506;Array{Any,1}[[7, 11], [1, 8, 16, 22], [10, 12, 20, 21], [2, 3, 4, 17, 18], [9, 13, 19], [5, 6, 14, 15]]
