File;Time;Values;Solutions
10_ulysses_3.tsp;18.71761703491211;136.99527629589417;Array{Any,1}[[4, 6, 7, 8], [1, 2, 3, 10], [5, 9]]
10_ulysses_6.tsp;1.7281548976898193;55.11939124322688;Array{Any,1}[[6, 9], [10], [7], [5], [1, 4, 8], [2, 3]]
10_ulysses_9.tsp;4.452969074249268;33.29189782877749;Array{Any,1}[[4], [6], [5], [10], [1], [2, 3], [8], [7], [9]]
